index,description,price,img
0,"에프리더 아동용 SD 솔리드 패딩 바지","25,900","https://thumbnail7.coupangcdn.com/thumbnails/remote/230x230ex/image/rs_quotation_api/znate5am/aa7f384f141e4d29a3fd070e43957623.jpg"
1,"유라비 아동용 드리프 눈썰매 패딩 팬츠","29,900","https://thumbnail6.coupangcdn.com/thumbnails/remote/230x230ex/image/retail/images/2019/12/02/10/1/4731e197-05e0-4fd4-934d-fbb9a721e2a4.jpg"
2,"엘인보아 남아용 스윔팬츠 실내수영복","17,800","https://thumbnail6.coupangcdn.com/thumbnails/remote/230x230ex/image/vendor_inventory/000d/6eb5fbff08eea94357c3038adf7e9d878dccf2c97e4c4fe23227c7788f24.jpg"
3,"엠제이 주니어 MJ주니어스키보드바지9종 겨울","36,670","https://thumbnail8.coupangcdn.com/thumbnails/remote/230x230ex/image/vendor_inventory/b469/b2c36ba47684b6eafa53073c959e41e60e5afc358451ed5915e4f97d038e.jpg"
4,"더해피 아동용 방수 팬츠","9,370","https://thumbnail6.coupangcdn.com/thumbnails/remote/230x230ex/image/rs_quotation_api/d40a/fcbe1cfb156aac77b2fa286bf7d7b4afab5e6133161e196cc79700065b13.jpg"
5,"고잉키즈 아동용 라이킷 래쉬가드세트","17,620","https://thumbnail10.coupangcdn.com/thumbnails/remote/230x230ex/image/product/image/vendoritem/2018/06/11/3693894906/e509e40b-b9e9-4fe5-bb5d-03dba17f8054.jpg"
6,"릴리댄 컬러풀 스키 보드복 팬츠 블랙","15,900","https://thumbnail7.coupangcdn.com/thumbnails/remote/230x230ex/image/vendor_inventory/bb18/c8770d1deea1ff8e398185d0e8fce8659ae040cabe71cbc4ed28a84aac57.jpg"
7,"유라비 키즈용 벨름 워터레깅스","7,520","https://thumbnail8.coupangcdn.com/thumbnails/remote/230x230ex/image/retail/images/2018/07/05/17/0/3fc5206f-6e83-4d7d-95dd-4d51894bc309.jpg"
8,"고잉키즈 아동용 체크스윔 래쉬가드 슈트","24,900","https://thumbnail7.coupangcdn.com/thumbnails/remote/230x230ex/image/retail/images/68406903030056-16eb2e15-12b5-4686-95e3-6701545e522a.jpg"
9,"번개맨 아동용 변신 코스튬세트","31,040","https://thumbnail8.coupangcdn.com/thumbnails/remote/230x230ex/image/product/image/vendoritem/2017/12/08/3069977440/ec0ac8ca-fbe5-4db1-81a6-26e282b45475.jpg"
10,"오즈키즈 아동용 밴패딩 스키복 패딩 팬츠","28,900","https://thumbnail7.coupangcdn.com/thumbnails/remote/230x230ex/image/retail/images/2021/10/11/13/7/73df27f8-07c0-4de2-9646-761903de7c3f.jpg"
11,"비단길 아동용 마에 미끄럼 방지 알롱제 발레 스타킹 2p","10,500","https://thumbnail9.coupangcdn.com/thumbnails/remote/230x230ex/image/rs_quotation_api/pmaqw6gq/1a77399721cb414c8da4b49134d97508.jpg"
12,"[방수기능] 아동 스키복 LOVE 멜빵 스키 바지 눈썰매","14,500","https://thumbnail8.coupangcdn.com/thumbnails/remote/230x230ex/image/vendor_inventory/afd6/1459e6afc28b0e1854af2359bb9021544eb6ef8379ad4f9c0dff3f176e49.jpg"
13,"월튼키즈 아동용 히트 경량 스키팬츠","38,900","https://thumbnail6.coupangcdn.com/thumbnails/remote/230x230ex/image/rs_quotation_api/vree4yzx/2f842e66e4dd46d4bb2a3eade1adbe10.jpg"
14,"유라비 아동용 도이라 눈썰매 패딩 팬츠 UR74SL776","27,210","https://thumbnail8.coupangcdn.com/thumbnails/remote/230x230ex/image/retail/images/2017/12/15/9/9/0d880be7-4002-478c-abed-cd47ad3aa805.jpg"
15,"앤디애플 아동용 HIT 점핑 스노우 패딩 스키복 팬츠","27,900","https://thumbnail8.coupangcdn.com/thumbnails/remote/230x230ex/image/retail/images/82265957664724-d1a2d8a9-79bd-4555-99cb-943f47d8d31c.png"
16,"해피발레 발레리나 가방","8,170","https://thumbnail7.coupangcdn.com/thumbnails/remote/230x230ex/image/retail/images/2018/02/19/10/4/28657392-8dbc-4168-97f6-58dedf862a36.jpg"
17,"젤리스푼 시크스타일스키복세트","57,900","https://thumbnail6.coupangcdn.com/thumbnails/remote/230x230ex/image/vendor_inventory/01e8/83b56bb51f263544ada93194a6018446296954ae574f14683116b7f14c67.jpg"
18,"엠제이 주니어 주니어스키보드바지9종 겨울","33,670","https://thumbnail8.coupangcdn.com/thumbnails/remote/230x230ex/image/vendor_inventory/babe/70014f4e0649f52d8e8d62bc262a4ee4c80cec88b3b184d91ec1740f9b65.jpg"
19,"토토헤로스 아동용 아이싱 패딩팬츠","29,800","https://thumbnail9.coupangcdn.com/thumbnails/remote/230x230ex/image/rs_quotation_api/crm2v8nl/4924894651674d1ea96c7dea6b39bc9a.jpg"
20,"아이스샌드 [아이스샌드] 주니어스키팬츠 BRW-PT6956","29,000","https://thumbnail6.coupangcdn.com/thumbnails/remote/230x230ex/image/vendor_inventory/6149/be9f64ec59df38c7c58226189ed0f8a0047d0523d5b5821051bfc4825333.jpg"
21,"로로샤 아동용 썸머래쉬가드 상하세트","22,410","https://thumbnail7.coupangcdn.com/thumbnails/remote/230x230ex/image/retail/images/2019/06/10/15/7/3de1ad84-aec2-4564-b041-6ca9e67a0145.jpg"
22,"아이엠베베 유아동용 캔디피쉬 일체형 래쉬가드 수영복 플랩캡세트","19,800","https://thumbnail6.coupangcdn.com/thumbnails/remote/230x230ex/image/vendor_inventory/4fc8/14c24653b32cd553ebbc692a39d26aafc6d49e547dd90e7363a9b9f3e492.jpg"
23,"토토헤로스 아동용 패딩 배색 팬츠","16,400","https://thumbnail7.coupangcdn.com/thumbnails/remote/230x230ex/image/rs_quotation_api/hr6muary/2937a1d4f11c4d9a9df43c50ebf88315.jpg"
24,"드레스하우스 여아용 발레리나 탬버린 크로스백","8,430","https://thumbnail7.coupangcdn.com/thumbnails/remote/230x230ex/image/product/image/vendoritem/2019/09/26/3039919504/21786988-181e-4dd6-9f65-b5660b44e0ca.jpg"
25,"젤리스푼 젤리스푼 플레이키즈스키복팬츠","31,600","https://thumbnail7.coupangcdn.com/thumbnails/remote/230x230ex/image/vendor_inventory/90bf/2067282009aa847479a65ae6987d200b06a12923fdee1c67f8f76a390dc1.jpg"
26,"위시키즈 아동용 멜빵 스키바지","39,900","https://thumbnail7.coupangcdn.com/thumbnails/remote/230x230ex/image/rs_quotation_api/jzorchgq/9d39bd1feeb74d16ad15844df46be8e2.jpg"
27,"로로샤 아동용 스테이 래쉬가드 상의 + 레깅스 세트","25,900","https://thumbnail7.coupangcdn.com/thumbnails/remote/230x230ex/image/retail/images/2020/04/24/12/7/2c57bc21-9b72-4c28-a9fa-992f481d1a0f.jpg"
28,"마블 아이언맨 코스튬 M","49,900","https://thumbnail6.coupangcdn.com/thumbnails/remote/230x230ex/image/product/image/vendoritem/2016/10/11/3007207700/5dccb677-29d8-4240-a06a-99bbc678803d.jpg"
29,"로로샤 아동용 집업래쉬가드 세트 + 파우치","32,310","https://thumbnail6.coupangcdn.com/thumbnails/remote/230x230ex/image/retail/images/2019/06/10/15/9/780fd2a3-2407-4ff7-8170-b09db648c389.jpg"
30,"따블리에 남아용 서핑베어 래쉬가드 세트","27,440","https://thumbnail7.coupangcdn.com/thumbnails/remote/230x230ex/image/retail/images/2020/05/28/18/4/76ff4a0a-3622-45fc-ba03-d152d38bb11d.jpg"
31,"고잉키즈 아동용 래쉬가드 이너팬티 2종 세트","9,100","https://thumbnail6.coupangcdn.com/thumbnails/remote/230x230ex/image/retail/images/2019/02/20/17/3/a56a7f8c-9124-479e-ac6f-e2c21d27a4ab.jpg"
32,"아이엠베베 여아용 UV차단 플라밍고 우주복형 래쉬가드 + 플랩캡 세트","17,110","https://thumbnail7.coupangcdn.com/thumbnails/remote/230x230ex/image/retail/images/2020/06/01/15/3/90ac51d7-c119-4d9f-bc9a-083057b60b84.jpg"
33,"번개맨 아동용 번개갑옷","16,300","https://thumbnail9.coupangcdn.com/thumbnails/remote/230x230ex/image/retail/images/8361805585213-c0e251a9-9d20-40a0-a342-c8e7a8b6159b.jpg"
34,"젤리스푼 센시퍼트리밍스키복점퍼","56,900","https://thumbnail6.coupangcdn.com/thumbnails/remote/230x230ex/image/vendor_inventory/c9d4/09b6bd95bca37432b450478f49820ed23bc9f85db6a81c39175b099fc40e.jpg"
35,"메르베 멜로우 스윔슈트 신생 아기 수영복","33,750","https://thumbnail9.coupangcdn.com/thumbnails/remote/230x230ex/image/rs_quotation_api/ktdji8vn/bb428bc2f74441f2b9e53a34abe84e0e.jpg"
36,"보물섬 히어로 할로윈 의상 망토 세트","5,900","https://thumbnail7.coupangcdn.com/thumbnails/remote/230x230ex/image/vendor_inventory/696d/13ef5e9e7e7f5e4b21ef00e32379c0d26e007ad483bbad63189771f64d2c.jpg"
37,"엘인보아 주니어 남아 실내수영복 스윔팬츠_블랙","19,800","https://thumbnail8.coupangcdn.com/thumbnails/remote/230x230ex/image/vendor_inventory/471a/42f3269c1bf551cc6e082910ebe435602d52e1ac34aab8f63bc8807795aa.jpg"
38,"오즈키즈 아동용 치토스 패딩 스키복 팬츠","45,900","https://thumbnail6.coupangcdn.com/thumbnails/remote/230x230ex/image/retail/images/2020/10/13/14/8/60fa1620-82cd-4843-a833-536e9f75428d.jpg"
39,"에프리더컴퍼니 아동용 솔리드 패딩바지","17,900","https://thumbnail9.coupangcdn.com/thumbnails/remote/230x230ex/image/product/image/vendoritem/2019/01/18/4120138560/dd0494bc-0020-44ce-9329-7bf9c0b6e170.jpg"
40,"위시키즈 아동용 스키바지","39,900","https://thumbnail8.coupangcdn.com/thumbnails/remote/230x230ex/image/retail/images/2020/11/18/11/4/34bf0899-9f15-4b71-8fbe-8f0a63ca8069.jpg"
41,"앤디애플 아동용 에베레스트 스키팬츠","44,520","https://thumbnail9.coupangcdn.com/thumbnails/remote/230x230ex/image/retail/images/2021/10/20/16/0/a7ef7747-adf0-4241-a6a0-8eaa92ae302d.jpg"
42,"앤디애플 아동용 스페이스 스키점퍼","70,190","https://thumbnail10.coupangcdn.com/thumbnails/remote/230x230ex/image/retail/images/2021/10/19/17/5/d292fed5-1382-4b98-a326-65e613ac79c0.jpg"
43,"나인에프엑스 아동 주니어 래쉬가드 스파클링 9부 상하의세트","29,800","https://thumbnail8.coupangcdn.com/thumbnails/remote/230x230ex/image/retail/images/2019/06/12/16/0/dd7f5a7d-2fee-40c5-9c57-9ebee8185967.jpg"
44,"마블 스파이더맨 코스튬 에버그린 MV013","34,500","https://thumbnail10.coupangcdn.com/thumbnails/remote/230x230ex/image/retail/images/2019/10/04/10/8/af91face-6b9d-4ebe-affd-866f1360f014.jpg"
45,"모마송 아동용 오버더씨 래쉬가드 + 모자 세트","23,400","https://thumbnail6.coupangcdn.com/thumbnails/remote/230x230ex/image/retail/images/2020/01/16/11/4/a6a52876-a63c-47a4-8a34-60f7a122d31c.jpg"
46,"나인에프엑스 아동 주니어 래쉬가드 이메진브릭 9부 상하의세트","30,060","https://thumbnail9.coupangcdn.com/thumbnails/remote/230x230ex/image/retail/images/2019/06/12/16/3/0d92527e-12fd-4268-9ee8-91b61754918a.jpg"
47,"토토헤로스 남아용 번개맨 파워브이 기모 상하복","28,190","https://thumbnail8.coupangcdn.com/thumbnails/remote/230x230ex/image/rs_quotation_api/oof1ufam/11acdf3a400448d7bd5b2ad7e9ca2dc8.jpg"
48,"배냇베이비 유아용 로렌 우주복 수영복","23,130","https://thumbnail9.coupangcdn.com/thumbnails/remote/230x230ex/image/retail/images/2020/04/01/14/0/a6f16e19-4c66-4bc9-9d97-1c0606d8972b.jpg"
49,"젤리스푼 코지웜오버롤스키복팬츠","28,900","https://thumbnail6.coupangcdn.com/thumbnails/remote/230x230ex/image/vendor_inventory/7a00/b3373dfb519f4adc0acf3da3b730244bd21fc6196d7cb31a7356d149019e.jpg"
50,"조이멀티 아동용 전신 과일 썬 래쉬가드","22,130","https://thumbnail7.coupangcdn.com/thumbnails/remote/230x230ex/image/retail/images/2020/06/03/13/9/968353c1-8a04-4e3d-9804-f29a5e1366b9.jpg"
51,"베베비치 아동용 당근 래쉬가드 + 썬햇","28,560","https://thumbnail8.coupangcdn.com/thumbnails/remote/230x230ex/image/vendor_inventory/15c7/4053c33e2d1b0fec13a8cbe5c36db60ed9de2771a7b07147de4d35fccfc1.jpg"
52,"앤디애플 아동용 솜사탕 워머 스키점퍼","53,900","https://thumbnail10.coupangcdn.com/thumbnails/remote/230x230ex/image/retail/images/525278632419740-c6cb01f8-434c-4af7-96e4-0ea6d6e28801.jpg"
53,"아동용 베이직 패딩 바지","17,900","https://thumbnail6.coupangcdn.com/thumbnails/remote/230x230ex/image/rs_quotation_api/67xwr7nk/01cfd6630e044f028d20ef693500b402.jpg"
54,"펠릭스키즈 (가을/겨울아동복 최저가~ 구입 마지막찬스!!) 스키점퍼 FXJS19BF4","11,900","https://thumbnail7.coupangcdn.com/thumbnails/remote/230x230ex/image/vendor_inventory/cba9/752be1c00af3eb62a63a60e15575df8965ab3de9c0667067bb66d0a8411c.jpg"
55,"나인에프엑스 아동 주니어 래쉬가드 스파클링 5부 상하의세트","31,060","https://thumbnail8.coupangcdn.com/thumbnails/remote/230x230ex/image/retail/images/2019/06/12/16/6/0e62e8c0-f99e-477e-b1f1-c815026d3f0b.jpg"
56,"TB 겨울올인원보드복 방한복 스키복 키즈눈썰매복 옐로우 그린 네이비 오렌지 멀티 Q1120202","48,900","https://thumbnail6.coupangcdn.com/thumbnails/remote/230x230ex/image/vendor_inventory/cd28/c535460b27ad8731cb418877a862aa36a37655980f687b9e073542ed8327.jpg"
57,"[당일발송] 가족티 패밀리룩 돌촬영 민트 베어 후드 남여공용 긴팔티 ( 민트 )","24,900","https://thumbnail10.coupangcdn.com/thumbnails/remote/230x230ex/image/vendor_inventory/af92/e49da22ec97a0e3e91ccb92465cd24d43f9affe2f58feab33a3fa758aa11.jpg"
58,"로로샤 아동용 스테이 래쉬가드 + 워터레깅스 + 비치웨어 5부팬츠 세트","34,110","https://thumbnail7.coupangcdn.com/thumbnails/remote/230x230ex/image/retail/images/2020/06/03/12/9/16010c16-f95d-4194-875f-6248763ecd1b.jpg"
59,"마리앤모리 아동용 한겨울 카고 썰매팬츠","18,670","https://thumbnail7.coupangcdn.com/thumbnails/remote/230x230ex/image/rs_quotation_api/ikms6bz3/b3be9d9f431e4592abdc8b877fb6616d.jpg"